Position,Wild_type,Cluster
1,A,Outside
2,T,Outside
3,G,Outside
4,G,Outside
5,T,Outside
6,T,Outside
7,T,Outside
8,A,Outside
9,C,Outside
10,T,Outside
11,C,Outside
12,C,Outside
13,T,Outside
14,A,Outside
15,T,Outside
16,A,Outside
17,C,Outside
18,C,Outside
19,G,Outside
20,A,Outside
21,G,Outside
22,A,Outside
23,A,Outside
24,A,Outside
25,A,Outside
26,A,Outside
27,A,Outside
28,C,Outside
29,G,Outside
30,T,Outside
31,A,Outside
32,T,Outside
33,T,Outside
34,C,Outside
35,G,Outside
36,T,Outside
37,A,Outside
38,A,Outside
39,G,Outside
40,G,Outside
41,A,Outside
42,T,Outside
43,T,Outside
44,T,Outside
45,T,Outside
46,G,Outside
47,G,Outside
48,T,Outside
49,A,Outside
50,A,Outside
51,A,Outside
52,C,Outside
53,G,Outside
54,T,Outside
55,C,Outside
56,C,Outside
57,A,Outside
58,C,Outside
59,A,Outside
60,A,Outside
61,G,Outside
62,T,Outside
63,T,Outside
64,C,Outside
65,T,Outside
66,G,Outside
67,G,Outside
68,A,Outside
69,T,Outside
70,G,Outside
71,T,Outside
72,A,Outside
73,C,Outside
74,C,Outside
75,T,Outside
76,T,Outside
77,A,Outside
78,T,Outside
79,C,Outside
80,T,Outside
81,C,Outside
82,C,Outside
83,T,Outside
84,T,Outside
85,T,Outside
86,C,Outside
87,T,Outside
88,A,Outside
89,T,Outside
90,C,Outside
91,C,Outside
92,A,Outside
93,G,Outside
94,C,Outside
95,T,Outside
96,T,Outside
97,G,Outside
98,A,Outside
99,C,Outside
100,T,Outside
101,C,Outside
102,G,Outside
103,T,Outside
104,T,Outside
105,T,Outside
106,C,Outside
107,A,Outside
108,G,Outside
109,A,Outside
110,A,Outside
111,A,Outside
112,T,Outside
113,T,Outside
114,T,Outside
115,A,Outside
116,T,Outside
117,C,Outside
118,G,Outside
119,A,Outside
120,G,Outside
121,C,Outside
122,A,Outside
123,A,Outside
124,G,Outside
125,A,Outside
126,T,Outside
127,C,Outside
128,C,Outside
129,T,Outside
130,G,Outside
131,A,Outside
132,A,Outside
133,G,Outside
134,G,Outside
135,G,Outside
136,C,Outside
137,A,Outside
138,G,Outside
139,T,Outside
140,A,Outside
141,T,Outside
142,G,Outside
143,G,Outside
144,T,Outside
145,C,Outside
146,T,Outside
147,G,Outside
148,G,Outside
149,A,Outside
150,A,Outside
151,G,Outside
152,C,Outside
153,T,Outside
154,G,Outside
155,C,Outside
156,T,Outside
157,T,Outside
158,T,Outside
159,C,Outside
160,C,Outside
161,G,Outside
162,T,Outside
163,T,Outside
164,C,Outside
165,C,Outside
166,G,Outside
167,T,Outside
168,A,Outside
169,T,Outside
170,T,Outside
171,C,Outside
172,C,Outside
173,C,Outside
174,G,Outside
175,A,Outside
176,T,Outside
177,T,Outside
178,C,Outside
179,A,Outside
180,G,Outside
181,A,Outside
182,G,Outside
183,C,Outside
184,T,Outside
185,A,Outside
186,C,Outside
187,A,Outside
188,G,Outside
189,C,Outside
190,G,Outside
191,G,Outside
192,T,Outside
193,A,Outside
194,A,Outside
195,T,Outside
196,T,Outside
197,C,Outside
198,C,Outside
199,G,Outside
200,A,Outside
201,G,Outside
202,C,Outside
203,T,Outside
204,G,Outside
205,C,Outside
206,A,Outside
207,A,Outside
208,T,Outside
209,A,Outside
210,C,Outside
211,G,Outside
212,T,Outside
213,C,Outside
214,A,Outside
215,G,Outside
216,C,Outside
217,T,Outside
218,A,Outside
219,C,Outside
220,C,Outside
221,G,Outside
222,C,Outside
223,C,Outside
224,T,Outside
225,T,Outside
226,G,Outside
227,G,Outside
228,C,Outside
229,G,Outside
230,A,Outside
231,A,Outside
232,C,Outside
233,C,Outside
234,G,Outside
235,G,Outside
236,T,Outside
237,G,Outside
238,T,Outside
239,T,Outside
240,T,Outside
241,G,Outside
242,A,Outside
243,C,Outside
244,G,Outside
245,T,Outside
246,C,Outside
247,C,Outside
248,A,Outside
249,G,Outside
250,G,Outside
251,A,Outside
252,A,Outside
253,T,Outside
254,G,Outside
255,T,Outside
256,C,Outside
257,A,Outside
258,A,Outside
259,A,Outside
260,T,Outside
261,C,Outside
262,C,Outside
263,G,Outside
264,T,Outside
265,G,Outside
266,G,Outside
267,C,Outside
268,G,Outside
269,T,Outside
270,G,Outside
271,A,Outside
272,C,Outside
273,C,Outside
274,T,Outside
275,A,Outside
276,T,Outside
277,T,Outside
278,C,Outside
279,C,Outside
280,G,Outside
281,C,Outside
282,A,Outside
283,C,Outside
284,C,Outside
285,G,Outside
286,C,Outside
287,T,Outside
288,G,Outside
289,C,Outside
290,G,Outside
291,C,Outside
292,G,Outside
293,T,Outside
294,T,Outside
295,A,Outside
296,A,Outside
297,A,Outside
298,C,Outside
299,T,Outside
300,G,Outside
301,C,Outside
302,G,Outside
303,T,Outside
304,C,Outside
305,T,Outside
306,G,Outside
307,G,Outside
308,T,Outside
309,G,Outside
310,A,Outside
311,T,Outside
312,C,Outside
313,T,Outside
314,A,Outside
315,T,Outside
316,G,Outside
317,A,Outside
318,G,Outside
319,C,Outside
320,G,Outside
321,C,Outside
322,G,Outside
323,A,Outside
324,A,Outside
325,G,Outside
326,C,Outside
327,G,Outside
328,C,Outside
329,C,Outside
330,G,Outside
331,G,Outside
332,A,Outside
333,A,Outside
334,G,Outside
335,G,Outside
336,C,Outside
337,A,Outside
338,C,Outside
339,C,Outside
340,G,Outside
341,T,Outside
342,A,Outside
343,A,Outside
344,A,Outside
345,A,Outside
346,G,Outside
347,A,Outside
348,C,Outside
349,A,Outside
350,T,Outside
351,T,Outside
352,A,Outside
353,A,Outside
354,A,Outside
355,G,Outside
356,A,Outside
357,A,Outside
358,C,Outside
359,A,Outside
360,A,Outside
361,G,Outside
362,A,Outside
363,A,Outside
364,G,Outside
365,T,Outside
366,C,Outside
367,T,Outside
368,A,Outside
369,C,Outside
370,A,Outside
371,T,Outside
372,G,Outside
373,G,Outside
374,G,Outside
375,C,Outside
376,G,Outside
377,A,Outside
378,A,Outside
379,A,Outside
380,T,Outside
381,T,Outside
382,C,Outside
383,C,Outside
384,G,Outside
385,C,Outside
386,T,Outside
387,C,Outside
388,A,Outside
389,T,Outside
390,G,Outside
391,A,Outside
392,C,Outside
393,A,Outside
394,G,Outside
395,A,Outside
396,C,Outside
397,A,Outside
398,A,Outside
399,C,Outside
400,G,Outside
401,G,Outside
402,T,Outside
403,A,Outside
404,C,Outside
405,C,Outside
406,T,Outside
407,T,Outside
408,T,Outside
409,G,Outside
410,T,Outside
411,T,Outside
412,A,Outside
413,T,Outside
414,C,Outside
415,A,Outside
416,A,Outside
417,C,Outside
418,G,C1
419,G,C1
420,T,C1
421,A,C1
422,C,C1
423,T,C1
424,G,C1
425,A,C1
426,G,C1
427,C,C1
428,G,C1
429,T,C1
430,G,C1
431,T,C1
432,T,C1
433,A,C1
434,T,C1
435,C,C1
436,G,C1
437,T,C1
438,T,C1
439,T,C1
440,C,C1
441,C,C1
442,C,C1
443,A,C1
444,G,C1
445,C,Outside
446,T,Outside
447,G,Outside
448,C,Outside
449,A,Outside
450,C,Outside
451,C,Outside
452,G,Outside
453,T,Outside
454,A,Outside
455,G,Outside
456,T,Outside
457,C,Outside
458,C,Outside
459,G,Outside
460,G,Outside
461,G,Outside
462,C,Outside
463,G,Outside
464,T,Outside
465,C,Outside
466,T,Outside
467,T,Outside
468,C,Outside
469,T,Outside
470,T,Outside
471,T,Outside
472,G,Outside
473,A,Outside
474,C,Outside
475,T,Outside
476,C,Outside
477,C,Outside
478,G,Outside
479,A,Outside
480,C,Outside
481,A,Outside
482,A,Outside
483,A,Outside
484,G,Outside
485,G,Outside
486,T,Outside
487,A,Outside
488,A,Outside
489,A,Outside
490,A,Outside
491,C,Outside
492,C,Outside
493,C,Outside
494,A,Outside
495,C,Outside
496,T,Outside
497,C,Outside
498,T,Outside
499,T,Outside
500,C,Outside
501,G,Outside
502,G,Outside
503,G,Outside
504,T,Outside
505,A,Outside
506,A,Outside
507,A,Outside
508,G,Outside
509,T,Outside
510,G,Outside
511,C,Outside
512,T,Outside
513,G,Outside
514,T,Outside
515,A,Outside
516,T,Outside
517,A,Outside
518,A,Outside
519,C,Outside
520,G,Outside
521,C,Outside
522,G,Outside
523,C,Outside
524,G,Outside
525,T,Outside
526,A,Outside
527,T,Outside
528,C,Outside
529,A,Outside
530,T,Outside
531,C,Outside
532,C,Outside
533,C,Outside
534,T,Outside
535,T,Outside
536,A,Outside
537,C,Outside
538,C,Outside
539,G,Outside
540,T,Outside
541,G,Outside
542,G,Outside
543,T,Outside
544,T,Outside
545,C,Outside
546,C,Outside
547,T,Outside
548,G,Outside
549,G,Outside
550,C,Outside
551,T,Outside
552,G,Outside
553,G,Outside
554,A,Outside
555,C,Outside
556,T,Outside
557,T,Outside
558,C,Outside
559,G,Outside
560,A,Outside
561,A,Outside
562,T,Outside
563,T,Outside
564,C,Outside
565,G,Outside
566,A,Outside
567,T,Outside
568,C,Outside
569,C,Outside
570,G,Outside
571,A,Outside
572,A,Outside
573,G,Outside
574,G,Outside
575,A,Outside
576,C,Outside
577,A,Outside
578,A,Outside
579,C,Outside
580,C,Outside
581,T,Outside
582,G,Outside
583,T,Outside
584,T,Outside
585,C,Outside
586,G,Outside
587,T,Outside
588,A,Outside
589,C,Outside
590,G,Outside
591,T,Outside
592,A,Outside
593,T,Outside
594,C,Outside
595,G,Outside
596,A,Outside
597,C,Outside
598,C,Outside
599,G,Outside
600,T,Outside
601,C,Outside
602,G,Outside
603,C,Outside
604,C,Outside
605,G,Outside
606,T,Outside
607,A,Outside
608,A,Outside
609,A,Outside
610,C,Outside
611,T,Outside
612,G,Outside
613,C,Outside
614,C,Outside
615,T,Outside
616,G,Outside
617,C,Outside
618,G,Outside
619,A,Outside
620,C,Outside
621,C,Outside
622,A,Outside
623,T,Outside
624,C,Outside
625,A,Outside
626,T,Outside
627,T,Outside
628,C,Outside
629,T,Outside
630,G,Outside
631,C,Outside
632,G,Outside
633,C,Outside
634,G,Outside
635,C,Outside
636,C,Outside
637,C,Outside
638,T,Outside
639,G,Outside
640,A,Outside
641,A,Outside
642,C,Outside
643,T,Outside
644,A,Outside
645,C,Outside
646,A,Outside
647,C,Outside
648,C,Outside
649,A,Outside
650,C,Outside
651,A,Outside
652,G,Outside
653,A,Outside
654,G,Outside
655,C,Outside
656,A,Outside
657,G,Outside
658,A,Outside
659,T,Outside
660,C,Outside
661,C,Outside
662,T,Outside
663,C,Outside
664,G,Outside
665,A,Outside
666,C,Outside
667,C,Outside
668,T,Outside
669,G,Outside
670,T,Outside
671,T,Outside
672,C,Outside
673,T,Outside
674,T,Outside
675,T,Outside
676,G,Outside
677,A,Outside
678,A,Outside
679,A,Outside
680,A,Outside
681,A,Outside
682,G,Outside
683,T,Outside
684,T,Outside
685,A,Outside
686,T,Outside
687,C,Outside
688,T,Outside
689,T,Outside
690,T,Outside
691,G,Outside
692,A,Outside
693,A,Outside
694,A,Outside
695,T,Outside
696,C,Outside
697,C,Outside
698,G,Outside
699,T,Outside
700,G,Outside
701,A,Outside
702,T,Outside
703,A,Outside
704,A,Outside
705,C,Outside
706,A,Outside
707,A,Outside
708,G,Outside
709,C,Outside
710,T,Outside
711,G,Outside
712,C,Outside
713,A,Outside
714,G,Outside
715,A,Outside
716,T,Outside
717,G,Outside
718,G,Outside
719,A,Outside
720,A,Outside
721,C,Outside
722,T,Outside
723,G,Outside
724,G,Outside
725,T,Outside
726,G,Outside
727,C,Outside
728,C,Outside
729,G,Outside
730,G,Outside
731,A,Outside
732,A,Outside
733,C,Outside
734,G,Outside
735,C,Outside
736,C,Outside
737,T,Outside
738,G,Outside
739,C,Outside
740,G,Outside
741,T,Outside
742,G,Outside
743,G,Outside
744,T,Outside
745,G,Outside
746,A,Outside
747,A,Outside
748,A,Outside
749,C,Outside
750,C,Outside
751,G,Outside
752,C,Outside
753,A,Outside
754,T,Outside
755,C,Outside
756,T,Outside
757,T,Outside
758,T,Outside
759,T,Outside
760,G,Outside
761,A,Outside
762,C,Outside
763,A,Outside
764,T,Outside
765,C,Outside
766,G,Outside
767,A,Outside
768,A,Outside
769,G,Outside
770,C,Outside
771,T,Outside
772,A,Outside
773,A,Outside
774,C,Outside
775,G,Outside
776,G,Outside
777,T,Outside
778,A,Outside
779,A,Outside
780,A,Outside
781,G,Outside
782,T,Outside
783,G,Outside
784,T,Outside
785,A,Outside
786,C,Outside
787,G,Outside
788,T,Outside
789,A,Outside
790,G,Outside
791,A,Outside
792,A,Outside
793,A,Outside
794,A,Outside
795,A,Outside
796,G,Outside
797,G,Outside
798,C,Outside
799,C,Outside
800,G,Outside
801,C,Outside
802,C,Outside
803,G,Outside
804,T,Outside
805,A,Outside
806,T,Outside
807,C,Outside
808,A,Outside
809,C,Outside
810,T,Outside
811,G,Outside
812,C,Outside
813,G,Outside
814,C,Outside
815,G,Outside
816,C,Outside
817,C,Outside
818,A,Outside
819,C,Outside
820,A,Outside
821,T,Outside
822,T,Outside
823,C,Outside
824,G,Outside
825,C,Outside
826,C,Outside
827,A,Outside
828,G,Outside
829,C,Outside
830,T,Outside
831,G,Outside
832,G,Outside
833,A,Outside
834,A,Outside
835,A,Outside
836,A,Outside
837,A,Outside
838,G,Outside
839,A,Outside
840,C,Outside
841,G,Outside
842,A,Outside
843,C,Outside
844,G,Outside
845,T,Outside
846,C,Outside
847,A,Outside
848,A,Outside
849,A,Outside
850,C,Outside
851,T,Outside
852,G,Outside
853,A,Outside
854,T,Outside
855,C,Outside
856,G,Outside
857,A,Outside
858,A,Outside
859,G,Outside
860,T,Outside
861,C,Outside
862,C,Outside
863,C,Outside
864,G,Outside
865,G,Outside
866,T,Outside
867,T,Outside
868,G,Outside
869,A,Outside
870,G,Outside
871,T,Outside
872,A,Outside
873,C,Outside
874,A,Outside
875,T,Outside
876,C,Outside
877,G,Outside
878,C,Outside
879,A,Outside
880,G,Outside
881,G,Outside
882,T,Outside
883,A,Outside
884,A,Outside
885,A,Outside
886,G,Outside
887,T,Outside
888,G,Outside
889,G,Outside
890,T,Outside
891,T,Outside
892,G,Outside
893,C,Outside
894,T,Outside
895,A,Outside
896,A,Outside
897,A,Outside
898,G,Outside
899,A,Outside
900,C,Outside
901,T,Outside
902,A,Outside
903,T,Outside
904,A,Outside
905,T,Outside
906,T,Outside
907,G,Outside
908,A,Outside
909,T,Outside
910,G,Outside
911,A,Outside
912,G,Outside
913,T,Outside
914,C,Outside
915,T,Outside
916,A,Outside
917,C,Outside
918,C,Outside
919,G,Outside
920,G,Outside
921,C,Outside
922,G,Outside
923,A,Outside
924,G,Outside
925,C,Outside
926,T,Outside
927,G,Outside
928,A,Outside
929,T,Outside
930,C,Outside
931,T,Outside
932,G,Outside
933,C,Outside
934,G,Outside
935,C,Outside
936,A,Outside
937,G,Outside
938,C,Outside
939,G,Outside
940,A,Outside
941,A,Outside
942,C,Outside
943,A,Outside
944,T,Outside
945,G,Outside
946,G,Outside
947,A,Outside
948,G,Outside
949,C,Outside
950,T,Outside
951,G,Outside
952,A,Outside
953,G,Outside
954,C,Outside
955,C,Outside
956,T,Outside
957,G,Outside
958,G,Outside
959,A,Outside
960,T,Outside
961,C,Outside
962,T,Outside
963,G,Outside
964,C,Outside
965,T,Outside
966,G,Outside
967,G,Outside
968,C,Outside
969,T,Outside
970,A,Outside
971,A,Outside
972,G,Outside
973,C,Outside
974,T,Outside
975,G,Outside
976,A,Outside
977,G,Outside
978,C,Outside
979,C,Outside
980,A,Outside
981,G,Outside
982,T,Outside
983,C,Outside
984,T,Outside
985,G,Outside
986,G,Outside
987,T,Outside
988,C,Outside
989,A,Outside
990,C,Outside
991,A,Outside
992,A,Outside
993,G,Outside
994,C,Outside
995,G,Outside
996,T,Outside
997,A,Outside
998,T,Outside
999,C,Outside
1000,G,Outside
1001,A,Outside
1002,A,Outside
1003,A,Outside
1004,C,Outside
1005,G,Outside
1006,C,Outside
1007,T,Outside
1008,G,Outside
1009,T,Outside
1010,T,Outside
1011,C,Outside
1012,A,Outside
1013,C,Outside
1014,C,Outside
1015,A,Outside
1016,A,Outside
1017,C,Outside
1018,G,Outside
1019,A,Outside
1020,T,Outside
1021,C,Outside
1022,T,Outside
1023,G,Outside
1024,G,Outside
1025,A,Outside
1026,T,Outside
1027,C,Outside
1028,A,Outside
1029,C,Outside
1030,G,Outside
1031,G,Outside
1032,C,Outside
1033,C,Outside
1034,C,Outside
1035,A,Outside
1036,T,Outside
1037,A,Outside
1038,T,Outside
1039,A,Outside
1040,T,Outside
1041,C,Outside
1042,T,Outside
1043,C,Outside
1044,T,Outside
1045,G,Outside
1046,A,Outside
1047,A,Outside
1048,A,Outside
1049,C,Outside
1050,C,Outside
1051,T,Outside
1052,T,Outside
1053,A,Outside
1054,C,Outside
1055,G,Outside
1056,T,Outside
1057,G,Outside
1058,T,Outside
1059,C,Outside
1060,G,Outside
1061,A,Outside
1062,C,Outside
1063,C,Outside
1064,C,Outside
1065,A,Outside
1066,A,Outside
1067,C,Outside
1068,T,Outside
1069,A,Outside
1070,A,Outside
1071,C,Outside
1072,G,Outside
1073,A,Outside
1074,C,Outside
1075,C,Outside
1076,G,Outside
1077,T,Outside
1078,C,Outside
1079,T,Outside
1080,G,Outside
1081,A,Outside
1082,G,Outside
1083,C,Outside
1084,G,Outside
1085,C,Outside
1086,A,Outside
1087,C,Outside
1088,T,Outside
1089,G,Outside
1090,G,Outside
1091,T,Outside
1092,A,Outside
1093,G,Outside
1094,A,Outside
1095,A,Outside
1096,A,Outside
1097,T,Outside
1098,C,Outside
1099,T,Outside
1100,A,Outside
1101,C,Outside
1102,C,Outside
1103,G,Outside
1104,C,Outside
1105,A,Outside
1106,T,Outside
1107,G,Outside
1108,A,Outside
1109,T,Outside
1110,G,Outside
1111,C,Outside
1112,G,Outside
1113,C,Outside
1114,C,Outside
1115,C,Outside
1116,T,Outside
1117,G,Outside
1118,G,Outside
1119,C,Outside
1120,G,Outside
1121,A,Outside
1122,G,Outside
1123,C,Outside
1124,C,Outside
1125,G,Outside
1126,C,Outside
1127,C,Outside
1128,G,Outside
1129,A,Outside
1130,C,Outside
1131,T,Outside
1132,C,Outside
1133,G,Outside
1134,T,Outside
1135,G,Outside
1136,A,Outside
1137,A,Outside
1138,G,Outside
1139,C,Outside
1140,A,Outside
1141,G,Outside
1142,C,Outside
1143,T,Outside
1144,G,Outside
1145,A,Outside
1146,A,Outside
1147,A,Outside
1148,G,Outside
1149,C,Outside
1150,C,Outside
1151,T,Outside
1152,G,Outside
1153,T,Outside
1154,T,Outside
1155,C,Outside
1156,G,Outside
1157,A,Outside
1158,G,Outside
1159,A,Outside
1160,A,Outside
1161,C,Outside
1162,C,Outside
1163,T,Outside
1164,G,Outside
1165,T,Outside
1166,T,Outside
1167,C,Outside
1168,T,Outside
1169,T,Outside
1170,C,Outside
1171,T,Outside
1172,C,Outside
1173,C,Outside
1174,G,Outside
1175,A,Outside
1176,A,Outside
1177,G,Outside
1178,A,Outside
1179,C,Outside
1180,C,Outside
1181,G,Outside
1182,T,Outside
1183,T,Outside
1184,A,Outside
1185,T,Outside
1186,G,Outside
1187,A,Outside
1188,C,Outside
1189,T,Outside
1190,T,Outside
1191,G,Outside
1192,T,Outside
1193,C,Outside
1194,T,Outside
1195,G,Outside
1196,C,Outside
1197,G,Outside
1198,G,Outside
1199,T,Outside
1200,T,Outside
1201,G,Outside
1202,G,Outside
1203,T,Outside
1204,C,Outside
1205,G,Outside
1206,T,Outside
1207,A,Outside
1208,T,Outside
1209,G,Outside
1210,A,Outside
1211,A,Outside
1212,G,Outside
1213,T,Outside
1214,T,Outside
1215,C,Outside
1216,A,Outside
1217,A,Outside
1218,C,Outside
1219,C,Outside
1220,G,Outside
1221,T,Outside
1222,T,Outside
1223,C,Outside
1224,T,Outside
1225,C,Outside
1226,T,Outside
1227,G,Outside
1228,C,Outside
1229,T,Outside
1230,G,Outside
1231,C,Outside
1232,G,Outside
1233,C,Outside
1234,G,Outside
1235,A,Outside
1236,A,Outside
1237,G,Outside
1238,A,Outside
1239,A,Outside
1240,A,Outside
1241,T,Outside
1242,C,Outside
1243,G,Outside
1244,A,Outside
1245,A,Outside
1246,G,Outside
1247,G,Outside
1248,T,Outside
1249,T,Outside
1250,C,Outside
1251,C,Outside
1252,G,Outside
1253,G,Outside
1254,T,Outside
1255,A,Outside
1256,T,Outside
1257,C,Outside
1258,C,Outside
1259,T,Outside
1260,G,Outside
1261,A,Outside
1262,G,Outside
1263,C,Outside
1264,A,Outside
1265,A,Outside
1266,A,Outside
1267,G,Outside
1268,A,Outside
1269,C,Outside
1270,G,Outside
1271,A,Outside
1272,C,Outside
1273,A,Outside
1274,T,Outside
1275,C,Outside
1276,A,Outside
1277,T,Outside
1278,T,Outside
1279,G,Outside
1280,A,Outside
1281,T,Outside
1282,G,Outside
1283,T,Outside
1284,T,Outside
1285,A,Outside
1286,T,Outside
1287,G,Outside
1288,A,Outside
1289,A,Outside
1290,A,Outside
1291,A,Outside
1292,A,Outside
1293,G,Outside
1294,C,Outside
1295,T,Outside
1296,C,Outside
1297,A,Outside
1298,T,Outside
1299,C,Outside
1300,G,Outside
1301,A,Outside
1302,T,Outside
1303,A,Outside
1304,T,Outside
1305,C,Outside
1306,C,Outside
1307,G,Outside
1308,T,Outside
1309,A,Outside
1310,A,Outside
1311,C,Outside
1312,G,Outside
1313,G,Outside
1314,T,Outside
1315,A,Outside
1316,A,Outside
1317,A,Outside
1318,G,Outside
1319,G,Outside
1320,C,Outside
1321,G,Outside
1322,A,Outside
1323,A,Outside
1324,G,Outside
1325,T,Outside
1326,C,Outside
1327,G,Outside
1328,A,Outside
1329,T,Outside
1330,G,Outside
1331,A,Outside
1332,T,Outside
1333,A,Outside
1334,T,Outside
1335,C,Outside
1336,G,Outside
1337,A,Outside
1338,C,Outside
1339,C,Outside
1340,A,Outside
1341,C,Outside
1342,C,Outside
1343,T,Outside
1344,C,Outside
1345,G,Outside
1346,G,Outside
1347,C,Outside
1348,A,Outside
1349,A,Outside
1350,C,Outside
1351,C,Outside
1352,G,Outside
1353,T,Outside
1354,C,Outside
1355,G,Outside
1356,T,Outside
1357,A,Outside
1358,T,Outside
1359,C,Outside
1360,C,Outside
1361,G,Outside
1362,T,Outside
1363,T,Outside
1364,C,Outside
1365,C,Outside
1366,G,Outside
1367,T,Outside
1368,T,Outside
1369,G,Outside
1370,G,Outside
1371,C,Outside
1372,G,Outside
1373,A,Outside
1374,A,Outside
1375,A,Outside
1376,T,Outside
1377,G,Outside
1378,G,Outside
1379,C,Outside
1380,G,Outside
1381,G,Outside
1382,A,Outside
1383,A,Outside
1384,A,Outside
1385,A,Outside
1386,C,Outside
1387,C,Outside
1388,A,Outside
1389,G,Outside
1390,T,Outside
1391,T,Outside
1392,C,Outside
1393,C,Outside
1394,G,Outside
1395,C,Outside
1396,G,Outside
1397,T,Outside
1398,T,Outside
1399,G,Outside
1400,G,Outside
1401,C,Outside
1402,C,Outside
1403,T,Outside
1404,G,Outside
1405,G,Outside
1406,T,Outside
1407,A,Outside
1408,C,Outside
1409,G,Outside
1410,T,Outside
1411,G,Outside
1412,T,Outside
1413,A,Outside
1414,G,Outside
1415,A,Outside
1416,G,Outside
1417,C,Outside
1418,G,Outside
1419,T,Outside
1420,G,Outside
1421,C,Outside
1422,G,Outside
1423,G,Outside
1424,T,Outside
1425,G,Outside
1426,A,Outside
1427,A,Outside
1428,A,Outside
1429,G,Outside
1430,A,Outside
1431,G,Outside
1432,C,Outside
1433,G,Outside
1434,T,Outside
1435,C,Outside
1436,T,Outside
1437,G,Outside
1438,T,Outside
1439,C,Outside
1440,T,Outside
1441,C,Outside
1442,T,Outside
1443,G,Outside
1444,G,Outside
1445,G,Outside
1446,C,Outside
1447,G,Outside
1448,A,Outside
1449,T,Outside
1450,C,Outside
1451,T,Outside
1452,G,Outside
1453,G,Outside
1454,A,Outside
1455,T,Outside
1456,A,Outside
1457,C,Outside
1458,C,Outside
1459,C,Outside
1460,T,Outside
1461,G,Outside
1462,A,Outside
1463,T,Outside
1464,G,Outside
1465,C,Outside
1466,C,Outside
1467,A,Outside
1468,C,Outside
1469,A,Outside
1470,G,Outside
1471,G,Outside
1472,A,Outside
1473,T,Outside
1474,A,Outside
1475,T,Outside
1476,G,Outside
1477,A,Outside
1478,T,Outside
1479,C,Outside
1480,A,Outside
1481,A,Outside
1482,C,Outside
1483,G,Outside
1484,C,Outside
1485,C,Outside
1486,A,Outside
1487,A,Outside
1488,G,Outside
1489,C,Outside
1490,C,Outside
1491,G,Outside
1492,A,Outside
1493,T,Outside
1494,T,Outside
1495,T,Outside
1496,C,Outside
1497,C,Outside
1498,G,Outside
1499,C,Outside
1500,A,Outside
1501,G,Outside
1502,C,Outside
1503,A,Outside
1504,G,Outside
1505,T,Outside
1506,G,Outside
1507,A,Outside
1508,A,Outside
1509,A,Outside
1510,G,Outside
1511,A,Outside
1512,G,Outside
1513,T,Outside
1514,T,Outside
1515,C,Outside
1516,T,Outside
1517,T,Outside
1518,C,Outside
1519,G,Outside
1520,G,Outside
1521,T,Outside
1522,T,C2
1523,C,C2
1524,C,C2
1525,A,C2
1526,G,C2
1527,C,C2
1528,C,C2
1529,A,C2
1530,G,C2
1531,C,C2
1532,T,C2
1533,G,C2
1534,T,C2
1535,C,C2
1536,T,C2
1537,C,C2
1538,A,C2
1539,G,C2
1540,T,C2
1541,T,C2
1542,T,C2
1543,A,C2
1544,T,C2
1545,G,C2
1546,G,C2
1547,A,C2
1548,C,C2
1549,C,C2
1550,A,C2
1551,G,C2
1552,A,C2
1553,A,C2
1554,C,C2
1555,A,C2
1556,A,C2
1557,C,C2
1558,C,C2
1559,C,C2
1560,G,C2
1561,C,C2
1562,T,C2
1563,G,C2
1564,T,C2
1565,C,C2
1566,T,C2
1567,G,C2
1568,A,C2
1569,G,C2
1570,A,C2
1571,T,C2
1572,T,C2
1573,A,C2
1574,C,C2
1575,G,C2
1576,C,C2
1577,A,C2
1578,C,C2
1579,A,C2
1580,A,C2
1581,A,C2
1582,C,C2
1583,G,C2
1584,T,C2
1585,C,C2
1586,G,C2
1587,T,C2
1588,A,C2
1589,T,C2
1590,C,C2
1591,T,C2
1592,C,C2
1593,C,C2
1594,G,C2
1595,C,C2
1596,A,C2
1597,C,C2
1598,T,C2
1599,C,C2
1600,G,C2
1601,G,C2
1602,C,C2
1603,C,C2
1604,C,C2
1605,A,C2
1606,G,C2
1607,G,C2
1608,C,C2
1609,G,C2
1610,G,C2
1611,T,C2
1612,C,C2
1613,T,C2
1614,G,C2
1615,A,C2
1616,C,C2
1617,C,C2
1618,C,C2
1619,G,C2
1620,T,C2
1621,G,C2
1622,A,C2
1623,A,C2
1624,C,C2
1625,G,C2
1626,T,C2
1627,G,C2
1628,C,C2
1629,A,C2
1630,G,C2
1631,G,C2
1632,C,C2
1633,T,C2
1634,T,C2
1635,C,C2
1636,G,C2
1637,A,C2
1638,A,C2
1639,G,C2
1640,T,C2
1641,T,C2
1642,C,C2
1643,G,C2
1644,A,C2
1645,G,C2
1646,A,C2
1647,C,C2
1648,G,C2
1649,T,C2
1650,A,C2
1651,C,C2
1652,A,C2
1653,C,C2
1654,C,C2
1655,C,C2
1656,G,C2
1657,A,C2
1658,C,C2
1659,T,C2
1660,C,C2
1661,A,C2
1662,C,C2
1663,T,C2
1664,A,C2
1665,C,C2
1666,G,C2
1667,G,C2
1668,T,C2
1669,C,C2
1670,G,C2
1671,C,C2
1672,G,C2
1673,T,C2
1674,A,C2
1675,T,C2
1676,G,C2
1677,T,C2
1678,C,C2
1679,C,C2
1680,A,C2
1681,A,C2
1682,T,C2
1683,C,C2
1684,G,C2
1685,A,C2
1686,A,C2
1687,A,C2
1688,C,C2
1689,C,C2
1690,C,C2
1691,C,C2
1692,T,C2
1693,G,C2
1694,A,C2
1695,A,C2
1696,G,C2
1697,G,C2
1698,T,C2
1699,C,C2
1700,C,C2
1701,G,C2
1702,A,C2
1703,A,C2
1704,C,C2
1705,A,C2
1706,T,C2
1707,C,C2
1708,G,C2
1709,G,C2
1710,T,C2
1711,C,C2
1712,T,C2
1713,G,C2
1714,A,C2
1715,T,C2
1716,C,C2
1717,A,C2
1718,A,C2
1719,C,C2
1720,T,C2
1721,C,C2
1722,T,C2
1723,C,Outside
1724,T,Outside
1725,G,Outside
1726,T,Outside
1727,C,Outside
1728,C,Outside
1729,G,Outside
1730,T,Outside
1731,G,Outside
1732,T,Outside
1733,A,Outside
1734,C,Outside
1735,G,Outside
1736,C,Outside
1737,A,Outside
1738,C,Outside
1739,A,Outside
1740,G,Outside
1741,A,Outside
1742,C,Outside
1743,T,Outside
1744,A,Outside
1745,A,Outside
1746,C,Outside
1747,G,Outside
1748,A,Outside
1749,A,Outside
1750,T,Outside
1751,A,Outside
1752,C,Outside
1753,G,Outside
1754,G,Outside
1755,C,Outside
1756,T,Outside
1757,T,Outside
1758,C,Outside
1759,C,Outside
1760,T,Outside
1761,T,Outside
1762,G,Outside
1763,A,Outside
1764,G,Outside
1765,A,Outside
1766,C,Outside
1767,T,Outside
1768,C,Outside
1769,C,Outside
1770,G,Outside
1771,T,Outside
1772,A,Outside
1773,T,Outside
1774,C,Outside
1775,G,Outside
1776,T,Outside
1777,A,Outside
1778,A,Outside
1779,A,Outside
1780,G,Outside
1781,T,Outside
1782,G,Outside
1783,A,Outside
1784,C,Outside
1785,C,Outside
1786,G,Outside
1787,A,Outside
1788,C,Outside
1789,G,Outside
1790,G,Outside
1791,T,Outside
1792,G,Outside
1793,T,Outside
1794,T,Outside
1795,G,Outside
1796,T,Outside
1797,A,Outside
1798,A,Outside
1799,C,Outside
1800,T,Outside
1801,G,Outside
1802,A,Outside
1803,C,Outside
1804,G,Outside
1805,A,Outside
1806,A,Outside
1807,A,Outside
1808,T,Outside
1809,T,Outside
1810,C,Outside
1811,A,Outside
1812,C,Outside
1813,T,Outside
1814,A,Outside
1815,C,Outside
1816,C,Outside
1817,T,Outside
1818,G,Outside
1819,T,Outside
1820,C,Outside
1821,T,Outside
1822,G,Outside
1823,C,Outside
1824,T,Outside
1825,A,Outside
1826,T,Outside
1827,C,Outside
1828,G,Outside
1829,A,Outside
1830,A,Outside
1831,G,Outside
1832,A,Outside
1833,A,Outside
1834,G,Outside
1835,G,Outside
1836,C,Outside
1837,A,Outside
1838,A,Outside
1839,C,Outside
1840,T,Outside
1841,A,Outside
1842,C,Outside
1843,G,Outside
1844,T,Outside
1845,T,Outside
1846,A,Outside
1847,T,Outside
1848,C,Outside
1849,G,Outside
1850,C,Outside
1851,C,Outside
1852,C,Outside
1853,A,Outside
1854,G,Outside
1855,G,Outside
1856,C,Outside
1857,G,Outside
1858,A,Outside
1859,A,Outside
1860,C,Outside
1861,T,Outside
1862,C,Outside
1863,C,Outside
1864,A,Outside
1865,A,Outside
1866,C,Outside
1867,T,Outside
1868,T,Outside
1869,G,Outside
1870,G,Outside
1871,A,Outside
1872,T,Outside
1873,G,Outside
1874,A,Outside
1875,A,Outside
1876,G,Outside
1877,A,Outside
1878,A,Outside
1879,G,Outside
1880,G,Outside
1881,C,Outside
1882,C,Outside
1883,A,Outside
1884,C,Outside
1885,T,Outside
1886,T,Outside
1887,C,Outside
1888,G,Outside
1889,T,Outside
1890,A,Outside
1891,G,Outside
1892,A,Outside
1893,A,Outside
1894,G,Outside
1895,A,Outside
1896,C,Outside
1897,C,Outside
1898,T,Outside
1899,G,Outside
1900,G,Outside
1901,T,Outside
1902,A,Outside
1903,A,Outside
1904,C,Outside
1905,T,Outside
1906,T,Outside
1907,G,Outside
1908,C,Outside
1909,C,Outside
1910,G,Outside
1911,T,Outside
1912,A,Outside
1913,G,Outside
1914,C,Outside
1915,A,Outside
1916,A,Outside
1917,A,Outside
1918,G,Outside
1919,G,Outside
1920,C,Outside
1921,G,Outside
1922,A,Outside
1923,A,Outside
1924,T,Outside
1925,C,Outside
1926,C,Outside
1927,A,Outside
1928,G,Outside
1929,C,Outside
1930,T,Outside
1931,T,Outside
1932,G,Outside
1933,T,Outside
1934,T,Outside
1935,C,Outside
1936,A,Outside
1937,G,Outside
1938,C,Outside
1939,C,Outside
1940,G,Outside
1941,C,Outside
1942,G,Outside
1943,A,Outside
1944,C,Outside
1945,C,Outside
1946,A,Outside
1947,G,Outside
1948,G,Outside
1949,T,Outside
1950,T,Outside
1951,G,Outside
1952,A,Outside
1953,C,Outside
1954,T,Outside
1955,A,Outside
1956,C,Outside
1957,A,Outside
1958,T,Outside
1959,G,Outside
1960,G,Outside
1961,A,Outside
1962,C,Outside
1963,G,Outside
1964,T,Outside
1965,A,Outside
1966,T,Outside
1967,C,Outside
1968,C,Outside
1969,A,Outside
1970,C,Outside
1971,C,Outside
1972,C,Outside
1973,A,Outside
1974,G,Outside
1975,C,Outside
1976,A,Outside
1977,G,Outside
1978,G,Outside
1979,T,Outside
1980,G,Outside
1981,G,Outside
1982,T,Outside
1983,A,Outside
1984,T,Outside
1985,C,Outside
1986,C,Outside
1987,G,Outside
1988,T,Outside
1989,C,Outside
1990,G,Outside
1991,G,Outside
1992,T,Outside
1993,G,Outside
1994,C,Outside
1995,G,Outside
1996,T,Outside
1997,C,Outside
1998,C,Outside
1999,C,Outside
2000,T,Outside
2001,G,Outside
2002,A,Outside
2003,T,Outside
2004,C,Outside
2005,C,Outside
2006,C,Outside
2007,G,Outside
2008,T,Outside
2009,T,Outside
2010,C,Outside
2011,C,Outside
2012,T,Outside
2013,G,Outside
2014,G,Outside
2015,A,Outside
2016,A,Outside
2017,C,Outside
2018,A,Outside
2019,C,Outside
2020,G,Outside
2021,A,Outside
2022,T,Outside
2023,G,Outside
2024,A,Outside
2025,C,Outside
2026,G,Outside
2027,C,Outside
2028,C,Outside
2029,A,Outside
2030,A,Outside
2031,C,Outside
2032,C,Outside
2033,G,Outside
2034,T,Outside
2035,G,Outside
2036,C,Outside
2037,A,Outside
2038,T,Outside
2039,T,Outside
2040,G,Outside
2041,A,Outside
2042,T,Outside
2043,G,Outside
2044,G,Outside
2045,G,Outside
2046,T,Outside
2047,G,Outside
2048,C,Outside
2049,G,Outside
2050,A,Outside
2051,A,Outside
2052,C,Outside
2053,A,Outside
2054,T,Outside
2055,G,Outside
2056,C,Outside
2057,A,Outside
2058,A,Outside
2059,C,Outside
2060,G,Outside
2061,T,Outside
2062,C,Outside
2063,A,Outside
2064,G,Outside
2065,G,Outside
2066,C,Outside
2067,C,Outside
2068,G,Outside
2069,T,Outside
2070,T,Outside
2071,C,Outside
2072,C,Outside
2073,G,Outside
2074,A,Outside
2075,C,Outside
2076,T,Outside
2077,C,Outside
2078,T,Outside
2079,G,Outside
2080,C,Outside
2081,G,Outside
2082,C,Outside
2083,G,Outside
2084,C,Outside
2085,T,Outside
2086,G,Outside
2087,A,Outside
2088,T,Outside
2089,A,Outside
2090,A,Outside
2091,G,Outside
2092,C,Outside
2093,C,Outside
2094,G,Outside
2095,C,Outside
2096,T,Outside
2097,G,Outside
2098,G,Outside
2099,T,Outside
2100,T,Outside
2101,G,Outside
2102,G,Outside
2103,T,Outside
2104,A,Outside
2105,C,Outside
2106,T,Outside
2107,G,Outside
2108,G,Outside
2109,T,Outside
2110,A,Outside
2111,T,Outside
2112,G,Outside
2113,G,Outside
2114,A,Outside
2115,A,Outside
2116,C,Outside
2117,G,Outside
2118,T,Outside
2119,G,Outside
2120,C,Outside
2121,T,Outside
2122,G,Outside
2123,T,Outside
2124,T,Outside
2125,G,Outside
2126,C,Outside
2127,C,Outside
2128,G,Outside
2129,T,Outside
2130,T,Outside
2131,G,Outside
2132,A,Outside
2133,C,Outside
2134,T,Outside
2135,C,Outside
2136,C,Outside
2137,G,Outside
2138,G,Outside
2139,T,Outside
2140,G,Outside
2141,T,Outside
2142,A,Outside
2143,A,Outside
2144,C,Outside
2145,T,Outside
2146,G,Outside
2147,C,Outside
2148,G,Outside
2149,G,Outside
2150,T,Outside
2151,A,Outside
2152,G,Outside
2153,C,Outside
2154,T,Outside
2155,A,Outside
2156,A,Outside
2157,A,Outside
2158,C,Outside
2159,G,Outside
2160,T,Outside
2161,G,Outside
2162,G,Outside
2163,T,Outside
2164,G,Outside
2165,G,Outside
2166,T,Outside
2167,G,Outside
2168,T,Outside
2169,C,Outside
2170,G,Outside
2171,T,Outside
2172,T,Outside
2173,C,Outside
2174,A,Outside
2175,G,Outside
2176,T,Outside
2177,A,Outside
2178,C,Outside
2179,G,Outside
2180,T,Outside
2181,G,Outside
2182,G,Outside
2183,A,Outside
2184,T,Outside
2185,G,Outside
2186,C,Outside
2187,T,Outside
2188,T,Outside
2189,C,Outside
2190,C,Outside
2191,C,Outside
2192,G,Outside
2193,T,Outside
2194,A,Outside
2195,T,Outside
2196,C,Outside
2197,G,Outside
2198,T,Outside
2199,T,Outside
2200,A,Outside
2201,T,Outside
2202,C,Outside
2203,A,Outside
2204,A,Outside
2205,A,Outside
2206,G,Outside
2207,T,Outside
2208,T,Outside
2209,A,Outside
2210,A,Outside
2211,C,Outside
2212,G,Outside
2213,A,Outside
2214,A,Outside
2215,G,Outside
2216,A,Outside
2217,C,Outside
2218,G,Outside
2219,A,Outside
2220,G,Outside
2221,A,Outside
2222,T,Outside
2223,G,Outside
2224,T,Outside
2225,A,Outside
2226,T,Outside
2227,C,Outside
2228,C,Outside
2229,G,Outside
2230,G,Outside
2231,G,Outside
2232,T,Outside
2233,G,Outside
2234,A,Outside
2235,A,Outside
2236,G,Outside
2237,C,Outside
2238,A,Outside
2239,G,Outside
2240,G,Outside
2241,T,Outside
2242,A,Outside
2243,T,Outside
2244,C,Outside
2245,G,Outside
2246,A,Outside
2247,C,Outside
2248,A,Outside
2249,T,Outside
2250,C,Outside
2251,T,Outside
2252,A,Outside
2253,C,Outside
2254,A,Outside
2255,A,Outside
2256,C,Outside
2257,C,Outside
2258,T,Outside
2259,G,Outside
2260,A,Outside
2261,C,Outside
2262,C,Outside
2263,A,Outside
2264,A,Outside
2265,A,Outside
2266,T,Outside
2267,A,Outside
2268,C,Outside
2269,A,Outside
2270,C,Outside
2271,C,Outside
2272,C,Outside
2273,G,Outside
2274,T,Outside
2275,T,Outside
2276,C,Outside
2277,T,Outside
2278,A,Outside
2279,A,Outside
2280,C,Outside
2281,C,Outside
2282,A,Outside
2283,G,Outside
2284,A,Outside
2285,A,Outside
2286,C,Outside
2287,A,Outside
2288,C,Outside
2289,C,Outside
2290,T,Outside
2291,G,Outside
2292,T,Outside
2293,A,Outside
2294,T,Outside
2295,C,Outside
2296,A,Outside
2297,A,Outside
2298,C,Outside
2299,C,Outside
2300,A,Outside
2301,G,Outside
2302,A,Outside
2303,T,Outside
2304,G,Outside
2305,C,Outside
2306,C,Outside
2307,G,Outside
2308,T,Outside
2309,G,Outside
2310,T,Outside
2311,G,Outside
2312,T,Outside
2313,G,Outside
2314,T,Outside
2315,C,Outside
2316,T,Outside
2317,C,Outside
2318,T,Outside
2319,G,Outside
2320,G,Outside
2321,G,Outside
2322,T,Outside
2323,G,Outside
2324,A,Outside
2325,A,Outside
2326,C,Outside
2327,C,Outside
2328,G,Outside
2329,G,Outside
2330,T,Outside
2331,T,Outside
2332,G,Outside
2333,A,Outside
2334,A,Outside
2335,C,Outside
2336,G,Outside
2337,T,Outside
2338,G,Outside
2339,G,Outside
2340,C,Outside
2341,G,Outside
2342,A,Outside
2343,C,Outside
2344,G,Outside
2345,T,Outside
2346,G,Outside
2347,C,Outside
2348,T,Outside
2349,G,Outside
2350,G,Outside
2351,C,Outside
2352,A,Outside
2353,G,Outside
2354,A,Outside
2355,C,Outside
2356,G,Outside
2357,G,Outside
2358,T,Outside
2359,C,Outside
2360,C,Outside
2361,G,Outside
2362,T,Outside
2363,C,Outside
2364,C,Outside
2365,A,Outside
2366,C,Outside
2367,C,Outside
2368,G,Outside
2369,A,Outside
2370,C,Outside
2371,C,Outside
2372,T,Outside
2373,C,Outside
2374,G,Outside
2375,G,Outside
2376,T,Outside
2377,G,Outside
2378,A,Outside
2379,A,Outside
2380,C,Outside
2381,T,Outside
2382,G,Outside
2383,G,Outside
2384,C,Outside
2385,G,Outside
2386,C,Outside
2387,T,Outside
2388,T,Outside
2389,G,Outside
2390,G,Outside
2391,T,Outside
2392,C,Outside
2393,A,Outside
2394,G,Outside
2395,A,Outside
2396,A,Outside
2397,C,Outside
2398,A,Outside
2399,T,Outside
2400,G,Outside
2401,C,Outside
2402,G,Outside
2403,C,Outside
2404,G,Outside
2405,T,Outside
2406,A,Outside
2407,G,Outside
2408,C,Outside
2409,G,Outside
2410,T,Outside
2411,T,Outside
2412,C,Outside
2413,A,Outside
2414,T,Outside
2415,G,Outside
2416,C,Outside
2417,C,Outside
2418,G,Outside
2419,T,Outside
2420,G,Outside
2421,G,Outside
2422,A,Outside
2423,A,Outside
2424,T,Outside
2425,G,Outside
2426,G,Outside
2427,T,Outside
2428,T,Outside
2429,A,Outside
2430,C,Outside
2431,A,Outside
2432,A,Outside
2433,C,Outside
2434,T,Outside
2435,T,Outside
2436,C,Outside
2437,G,Outside
2438,A,Outside
2439,A,Outside
2440,G,Outside
2441,A,Outside
2442,C,Outside
2443,T,Outside
2444,C,Outside
2445,C,Outside
2446,A,Outside
2447,T,Outside
2448,C,Outside
2449,C,Outside
2450,T,Outside
2451,C,Outside
2452,G,Outside
2453,T,Outside
2454,A,Outside
2455,T,Outside
2456,C,Outside
2457,C,Outside
2458,G,Outside
2459,A,Outside
2460,G,Outside
2461,C,Outside
2462,G,Outside
2463,T,Outside
2464,G,Outside
2465,T,Outside
2466,T,Outside
2467,G,Outside
2468,T,Outside
2469,T,Outside
2470,C,Outside
2471,A,Outside
2472,G,Outside
2473,G,Outside
2474,A,Outside
2475,A,Outside
2476,G,Outside
2477,A,Outside
2478,C,Outside
2479,C,Outside
2480,G,Outside
2481,T,Outside
2482,T,Outside
2483,T,Outside
2484,C,Outside
2485,A,Outside
2486,C,Outside
2487,C,Outside
2488,A,Outside
2489,C,Outside
2490,C,Outside
2491,A,Outside
2492,T,Outside
2493,C,Outside
2494,C,Outside
2495,A,Outside
2496,C,Outside
2497,A,Outside
2498,T,Outside
2499,T,Outside
2500,C,Outside
2501,A,Outside
2502,G,Outside
2503,G,Outside
2504,A,Outside
2505,A,Outside
2506,C,Outside
2507,T,Outside
2508,G,Outside
2509,G,Outside
2510,C,Outside
2511,G,Outside
2512,T,Outside
2513,G,Outside
2514,T,Outside
2515,G,Outside
2516,T,Outside
2517,G,Outside
2518,T,Outside
2519,C,Outside
2520,C,Outside
2521,C,Outside
2522,G,Outside
2523,T,Outside
2524,G,Outside
2525,A,Outside
2526,C,Outside
2527,A,Outside
2528,C,Outside
2529,C,Outside
2530,A,Outside
2531,A,Outside
2532,G,Outside
2533,C,Outside
2534,T,Outside
2535,G,Outside
2536,G,Outside
2537,G,Outside
2538,T,Outside
2539,C,Outside
2540,C,Outside
2541,G,Outside
2542,G,Outside
2543,A,Outside
2544,A,Outside
2545,G,Outside
2546,A,Outside
2547,G,Outside
2548,A,Outside
2549,T,Outside
2550,C,Outside
2551,A,Outside
2552,C,Outside
2553,C,Outside
2554,G,Outside
2555,C,Outside
2556,T,Outside
2557,G,Outside
2558,A,Outside
2559,C,Outside
2560,A,Outside
2561,T,Outside
2562,C,Outside
2563,C,Outside
2564,C,Outside
2565,G,Outside
2566,A,Outside
2567,A,Outside
2568,C,Outside
2569,G,Outside
2570,T,Outside
2571,G,Outside
2572,G,Outside
2573,G,Outside
2574,T,Outside
2575,G,Outside
2576,A,Outside
2577,A,Outside
2578,G,Outside
2579,C,Outside
2580,T,Outside
2581,G,Outside
2582,C,Outside
2583,G,Outside
2584,C,Outside
2585,T,Outside
2586,C,Outside
2587,T,Outside
2588,C,Outside
2589,C,Outside
2590,A,Outside
2591,A,Outside
2592,A,Outside
2593,C,Outside
2594,T,Outside
2595,G,Outside
2596,G,Outside
2597,A,Outside
2598,T,Outside
2599,G,Outside
2600,A,Outside
2601,A,Outside
2602,T,Outside
2603,C,Outside
2604,C,Outside
2605,G,Outside
2606,G,Outside
2607,T,Outside
2608,A,Outside
2609,T,Outside
2610,C,Outside
2611,G,Outside
2612,T,Outside
2613,T,Outside
2614,T,Outside
2615,A,Outside
2616,C,Outside
2617,A,Outside
2618,T,Outside
2619,T,Outside
2620,G,Outside
2621,G,Outside
2622,T,Outside
2623,G,Outside
2624,C,Outside
2625,G,Outside
2626,G,Outside
2627,A,Outside
2628,A,Outside
2629,G,Outside
2630,T,Outside
2631,G,Outside
2632,A,Outside
2633,C,Outside
2634,C,Outside
2635,G,Outside
2636,G,Outside
2637,T,Outside
2638,G,Outside
2639,G,Outside
2640,C,Outside
2641,G,Outside
2642,A,Outside
2643,C,Outside
2644,A,Outside
2645,T,Outside
2646,T,Outside
2647,C,Outside
2648,T,Outside
2649,G,Outside
2650,G,Outside
2651,T,Outside
2652,T,Outside
2653,G,Outside
2654,G,Outside
2655,T,Outside
2656,A,Outside
2657,A,Outside
2658,G,Outside
2659,G,Outside
2660,T,Outside
2661,A,Outside
2662,A,Outside
2663,C,Outside
2664,G,Outside
2665,C,Outside
2666,C,Outside
2667,G,Outside
2668,A,Outside
2669,A,Outside
2670,A,Outside
2671,G,Outside
2672,G,Outside
2673,T,Outside
2674,G,Outside
2675,A,Outside
2676,A,Outside
2677,A,Outside
2678,C,Outside
2679,T,Outside
2680,C,Outside
2681,A,Outside
2682,G,Outside
2683,C,Outside
2684,T,Outside
2685,G,Outside
2686,A,Outside
2687,C,Outside
2688,C,Outside
2689,C,Outside
2690,C,Outside
2691,A,Outside
2692,G,Outside
2693,A,Outside
2694,A,Outside
2695,G,Outside
2696,A,Outside
2697,A,Outside
2698,A,Outside
2699,A,Outside
2700,A,Outside
2701,C,Outside
2702,T,Outside
2703,G,Outside
2704,C,Outside
2705,T,Outside
2706,G,Outside
2707,C,Outside
2708,G,Outside
2709,T,Outside
2710,G,Outside
2711,C,Outside
2712,G,Outside
2713,A,Outside
2714,T,Outside
2715,C,Outside
2716,T,Outside
2717,T,Outside
2718,C,Outside
2719,G,Outside
2720,G,Outside
2721,T,Outside
2722,G,Outside
2723,A,Outside
2724,G,Outside
2725,A,Outside
2726,A,Outside
2727,A,Outside
2728,G,Outside
2729,C,Outside
2730,C,Outside
2731,T,Outside
2732,C,Outside
2733,T,Outside
2734,G,Outside
2735,A,Outside
2736,C,Outside
2737,G,Outside
2738,T,Outside
2739,T,Outside
2740,A,Outside
2741,A,Outside
2742,A,Outside
2743,G,Outside
2744,A,Outside
2745,C,Outside
2746,T,Outside
2747,C,Outside
2748,T,Outside
2749,T,Outside
2750,C,Outside
2751,T,Outside
2752,C,Outside
2753,T,Outside
2754,G,Outside
2755,C,Outside
2756,G,Outside
2757,C,Outside
2758,G,Outside
2759,T,Outside
2760,A,Outside
2761,C,Outside
2762,C,Outside
2763,A,Outside
2764,A,Outside
2765,A,Outside
2766,C,Outside
2767,G,Outside
2768,G,Outside
2769,T,Outside
2770,G,Outside
2771,T,Outside
2772,A,Outside
2773,T,Outside
2774,C,Outside
2775,C,Outside
2776,G,Outside
2777,G,Outside
2778,T,Outside
2779,A,Outside
2780,C,Outside
2781,G,Outside
2782,G,Outside
2783,T,Outside
2784,T,Outside
2785,A,Outside
2786,T,Outside
2787,C,Outside
2788,G,Outside
2789,A,Outside
2790,C,Outside
2791,G,Outside
2792,T,Outside
2793,T,Outside
2794,C,Outside
2795,A,Outside
2796,G,Outside
2797,G,Outside
2798,T,Outside
2799,C,Outside
2800,T,Outside
2801,T,Outside
2802,T,Outside
2803,A,Outside
2804,C,Outside
2805,T,Outside
2806,C,Outside
2807,G,Outside
2808,C,Outside
2809,G,Outside
2810,A,Outside
2811,T,Outside
2812,G,Outside
2813,G,Outside
2814,C,Outside
2815,G,Outside
2816,T,Outside
2817,A,Outside
2818,G,Outside
2819,A,Outside
2820,A,Outside
2821,A,Outside
2822,A,Outside
2823,A,Outside
2824,G,Outside
2825,A,Outside
2826,C,Outside
2827,A,Outside
2828,A,Outside
2829,A,Outside
2830,C,Outside
2831,G,Outside
2832,T,Outside
2833,G,Outside
2834,C,Outside
2835,G,Outside
2836,C,Outside
2837,T,Outside
2838,G,Outside
2839,G,Outside
2840,A,Outside
2841,A,Outside
2842,A,Outside
2843,T,Outside
2844,C,Outside
2845,G,Outside
2846,A,Outside
2847,A,Outside
2848,G,Outside
2849,A,Outside
2850,A,Outside
2851,A,Outside
2852,T,Outside
2853,G,Outside
2854,C,Outside
2855,A,Outside
2856,G,Outside
2857,C,Outside
2858,T,Outside
2859,C,Outside
2860,A,Outside
2861,A,Outside
2862,A,Outside
2863,C,Outside
2864,A,Outside
2865,G,Outside
2866,G,Outside
2867,C,Outside
2868,G,Outside
2869,A,Outside
2870,A,Outside
2871,G,Outside
2872,A,Outside
2873,A,Outside
2874,A,Outside
2875,G,Outside
2876,A,Outside
2877,C,Outside
2878,C,Outside
2879,T,Outside
2880,G,Outside
2881,T,Outside
2882,C,Outside
2883,T,Outside
2884,G,Outside
2885,A,Outside
2886,A,Outside
2887,G,Outside
2888,A,Outside
2889,A,Outside
2890,C,Outside
2891,T,Outside
2892,G,Outside
2893,C,Outside
2894,A,Outside
2895,G,Outside
2896,A,Outside
2897,T,Outside
2898,C,Outside
2899,C,Outside
2900,T,Outside
2901,C,Outside
2902,G,Outside
2903,A,Outside
2904,A,Outside
2905,G,Outside
2906,C,Outside
2907,G,Outside
2908,G,Outside
2909,G,Outside
2910,T,Outside
2911,C,Outside
2912,T,Outside
2913,G,Outside
2914,T,Outside
2915,T,Outside
2916,C,Outside
2917,A,Outside
2918,G,Outside
2919,C,Outside
2920,C,Outside
2921,G,Outside
2922,T,Outside
2923,A,Outside
2924,T,Outside
2925,C,Outside
2926,C,Outside
2927,G,Outside
2928,T,Outside
2929,G,Outside
2930,C,Outside
2931,T,Outside
2932,G,Outside
2933,T,Outside
2934,G,Outside
2935,C,Outside
2936,T,Outside
2937,G,Outside
2938,G,Outside
2939,T,Outside
2940,A,Outside
2941,G,Outside
2942,C,Outside
2943,C,Outside
2944,G,Outside
2945,G,Outside
2946,T,Outside
2947,G,Outside
2948,G,Outside
2949,C,Outside
2950,G,Outside
2951,T,Outside
2952,T,Outside
2953,G,Outside
2954,A,Outside
2955,A,Outside
2956,G,Outside
2957,C,Outside
2958,T,Outside
2959,G,Outside
2960,A,Outside
2961,G,Outside
2962,A,Outside
2963,A,Outside
2964,G,Outside
2965,C,Outside
2966,T,Outside
2967,C,Outside
2968,G,Outside
2969,A,Outside
2970,C,Outside
2971,A,Outside
2972,A,Outside
2973,A,Outside
2974,C,Outside
2975,T,Outside
2976,G,Outside
2977,C,Outside
2978,C,Outside
2979,G,Outside
2980,C,Outside
2981,G,Outside
2982,C,Outside
2983,G,Outside
2984,A,Outside
2985,T,Outside
2986,C,Outside
2987,G,Outside
2988,C,Outside
2989,T,Outside
2990,G,Outside
2991,G,Outside
2992,C,Outside
2993,T,Outside
2994,G,Outside
2995,G,Outside
2996,A,Outside
2997,G,Outside
2998,C,Outside
2999,T,Outside
3000,G,Outside
3001,G,Outside
3002,G,Outside
3003,C,Outside
3004,C,Outside
3005,T,Outside
3006,G,Outside
3007,A,Outside
3008,C,Outside
3009,A,Outside
3010,G,Outside
3011,A,Outside
3012,C,Outside
3013,G,Outside
3014,A,Outside
3015,A,Outside
3016,G,Outside
3017,A,Outside
3018,G,Outside
3019,A,Outside
3020,A,Outside
3021,A,Outside
3022,C,Outside
3023,A,Outside
3024,A,Outside
3025,A,Outside
3026,A,Outside
3027,T,Outside
3028,C,Outside
3029,A,Outside
3030,G,Outside
3031,C,Outside
3032,T,Outside
3033,G,Outside
3034,G,Outside
3035,A,Outside
3036,A,Outside
3037,C,Outside
3038,A,Outside
3039,G,Outside
3040,C,Outside
3041,T,Outside
3042,G,Outside
3043,G,Outside
3044,C,Outside
3045,T,Outside
3046,G,Outside
3047,A,Outside
3048,G,Outside
3049,C,Outside
3050,A,Outside
3051,G,Outside
3052,T,Outside
3053,A,Outside
3054,T,Outside
3055,G,Outside
3056,A,Outside
3057,C,Outside
3058,G,Outside
3059,A,Outside
3060,A,Outside
3061,C,Outside
3062,T,Outside
3063,G,Outside
3064,A,Outside
3065,A,Outside
3066,A,Outside
3067,C,Outside
3068,A,Outside
3069,C,Outside
3070,G,Outside
3071,A,Outside
3072,G,Outside
3073,T,Outside
3074,T,Outside
3075,C,Outside
3076,G,Outside
3077,A,Outside
3078,G,Outside
3079,A,Outside
3080,A,Outside
3081,G,Outside
3082,A,Outside
3083,A,Outside
3084,A,Outside
3085,C,Outside
3086,T,Outside
3087,C,Outside
3088,G,Outside
3089,A,Outside
3090,A,Outside
3091,G,Outside
3092,C,Outside
3093,G,Outside
3094,A,Outside
3095,A,Outside
3096,A,Outside
3097,C,Outside
3098,G,Outside
3099,C,Outside
3100,C,Outside
3101,G,Outside
3102,C,Outside
3103,A,Outside
3104,A,Outside
3105,A,Outside
3106,A,Outside
3107,T,Outside
3108,C,Outside
3109,A,Outside
3110,C,Outside
3111,C,Outside
3112,C,Outside
3113,A,Outside
3114,G,Outside
3115,G,Outside
3116,G,Outside
3117,C,Outside
3118,G,Outside
3119,A,Outside
3120,C,Outside
3121,G,Outside
3122,A,Outside
3123,T,Outside
3124,C,Outside
3125,T,Outside
3126,G,Outside
3127,G,Outside
3128,C,Outside
3129,A,Outside
3130,C,Outside
3131,C,Outside
3132,G,Outside
3133,G,Outside
3134,G,Outside
3135,C,Outside
3136,G,Outside
3137,T,Outside
3138,G,Outside
3139,C,Outside
3140,T,Outside
3141,G,Outside
3142,A,Outside
3143,A,Outside
3144,G,Outside
3145,A,Outside
3146,T,Outside
3147,T,Outside
3148,G,Outside
3149,T,Outside
3150,T,Outside
3151,A,Outside
3152,A,Outside
3153,G,Outside
3154,G,Outside
3155,T,Outside
3156,A,Outside
3157,T,Outside
3158,A,Outside
3159,T,Outside
3160,C,Outside
3161,T,Outside
3162,G,Outside
3163,G,Outside
3164,C,Outside
3165,G,Outside
3166,G,Outside
3167,T,Outside
3168,T,Outside
3169,A,Outside
3170,A,Outside
3171,A,Outside
3172,C,Outside
3173,G,Outside
3174,C,Outside
3175,C,Outside
3176,G,Outside
3177,T,Outside
3178,A,Outside
3179,T,Outside
3180,C,Outside
3181,C,Outside
3182,A,Outside
3183,G,Outside
3184,C,Outside
3185,C,Outside
3186,T,Outside
3187,G,Outside
3188,G,Outside
3189,T,Outside
3190,G,Outside
3191,A,Outside
3192,C,Outside
3193,A,Outside
3194,A,Outside
3195,G,Outside
3196,A,Outside
3197,T,Outside
3198,G,Outside
3199,G,Outside
3200,C,Outside
3201,A,Outside
3202,G,Outside
3203,G,Outside
3204,T,Outside
3205,C,Outside
3206,G,Outside
3207,T,Outside
3208,C,Outside
3209,A,Outside
3210,C,Outside
3211,G,Outside
3212,G,Outside
3213,T,Outside
3214,A,Outside
3215,A,Outside
3216,C,Outside
3217,A,Outside
3218,A,Outside
3219,G,Outside
3220,G,Outside
3221,G,Outside
3222,T,Outside
3223,G,Outside
3224,T,Outside
3225,A,Outside
3226,A,Outside
3227,T,Outside
3228,T,Outside
3229,T,Outside
3230,C,Outside
3231,T,Outside
3232,A,Outside
3233,A,Outside
3234,G,Outside
3235,A,Outside
3236,T,Outside
3237,C,Outside
3238,A,Outside
3239,A,Outside
3240,C,Outside
3241,C,Outside
3242,C,Outside
3243,G,Outside
3244,A,Outside
3245,T,Outside
3246,C,Outside
3247,G,Outside
3248,A,Outside
3249,A,Outside
3250,G,Outside
3251,A,Outside
3252,T,Outside
3253,A,Outside
3254,T,Outside
3255,G,Outside
3256,C,Outside
3257,C,Outside
3258,T,Outside
3259,T,Outside
3260,A,Outside
3261,C,Outside
3262,G,Outside
3263,A,Outside
3264,T,Outside
3265,G,Outside
3266,A,Outside
3267,A,Outside
3268,A,Outside
3269,A,Outside
3270,C,Outside
3271,G,Outside
3272,G,Outside
3273,T,Outside
3274,A,Outside
3275,C,Outside
3276,G,Outside
3277,C,Outside
3278,C,Outside
3279,G,Outside
3280,G,Outside
3281,T,Outside
3282,A,Outside
3283,G,Outside
3284,A,Outside
3285,C,Outside
3286,A,Outside
3287,T,Outside
3288,C,Outside
3289,G,Outside
3290,T,Outside
3291,A,Outside
3292,C,Outside
3293,T,Outside
3294,G,Outside
3295,A,Outside
3296,A,Outside
3297,C,Outside
3298,C,Outside
3299,C,Outside
3300,G,Outside
3301,C,Outside
3302,T,Outside
3303,G,Outside
3304,G,Outside
3305,G,Outside
3306,C,Outside
3307,G,Outside
3308,T,Outside
3309,A,Outside
3310,C,Outside
3311,C,Outside
3312,G,Outside
3313,T,Outside
3314,C,Outside
3315,T,Outside
3316,C,Outside
3317,G,Outside
3318,T,Outside
3319,A,Outside
3320,T,Outside
3321,G,Outside
3322,A,Outside
3323,A,Outside
3324,C,Outside
3325,A,Outside
3326,T,Outside
3327,C,Outside
3328,G,Outside
3329,G,Outside
3330,T,Outside
3331,C,Outside
3332,A,Outside
3333,G,Outside
3334,A,Outside
3335,T,Outside
3336,C,Outside
3337,C,Outside
3338,T,Outside
3339,C,Outside
3340,G,Outside
3341,A,Outside
3342,A,Outside
3343,A,Outside
3344,C,Outside
3345,C,Outside
3346,C,Outside
3347,A,Outside
3348,C,Outside
3349,C,Outside
3350,T,Outside
3351,G,Outside
3352,G,Outside
3353,G,Outside
3354,T,Outside
3355,A,Outside
3356,T,Outside
3357,G,Outside
3358,G,Outside
3359,C,Outside
3360,T,Outside
3361,G,Outside
3362,C,Outside
3363,G,Outside
3364,A,Outside
3365,A,Outside
3366,A,Outside
3367,G,Outside
3368,G,Outside
3369,T,Outside
3370,A,Outside
3371,T,Outside
3372,C,Outside
3373,G,Outside
3374,G,Outside
3375,C,Outside
3376,G,Outside
3377,A,Outside
3378,C,Outside
3379,A,Outside
3380,A,Outside
3381,G,Outside
3382,A,Outside
3383,T,Outside
3384,C,Outside
3385,A,Outside
3386,A,Outside
3387,C,Outside
3388,G,Outside
3389,C,Outside
3390,C,Outside
3391,A,Outside
3392,T,Outside
3393,G,Outside
3394,C,Outside
3395,T,Outside
3396,G,Outside
3397,A,Outside
3398,A,Outside
3399,A,Outside
3400,C,Outside
3401,A,Outside
3402,G,Outside
3403,C,Outside
3404,A,Outside
3405,G,Outside
3406,C,Outside
3407,A,Outside
3408,A,Outside
3409,G,Outside
3410,A,Outside
3411,A,Outside
3412,G,Outside
3413,T,Outside
3414,C,Outside
3415,G,Outside
3416,C,Outside
3417,G,Outside
3418,A,Outside
3419,A,Outside
3420,A,Outside
3421,C,Outside
3422,T,Outside
3423,G,Outside
3424,C,Outside
3425,G,Outside
3426,C,Outside
3427,G,Outside
3428,A,Outside
3429,A,Outside
3430,T,Outside
3431,T,Outside
3432,C,Outside
3433,A,Outside
3434,T,Outside
3435,C,Outside
3436,C,Outside
3437,A,Outside
3438,G,Outside
3439,C,Outside
3440,G,Outside
3441,T,Outside
3442,G,Outside
3443,C,Outside
3444,G,Outside
3445,T,Outside
3446,A,Outside
3447,C,Outside
3448,G,Outside
3449,A,Outside
3450,T,Outside
3451,C,Outside
3452,T,Outside
3453,G,Outside
3454,G,Outside
3455,G,Outside
3456,C,Outside
3457,G,Outside
3458,C,Outside
3459,T,Outside
3460,G,Outside
3461,A,Outside
3462,C,Outside
3463,G,Outside
3464,T,Outside
3465,T,Outside
3466,C,Outside
3467,G,Outside
3468,T,Outside
3469,C,Outside
3470,A,Outside
3471,G,Outside
3472,A,Outside
3473,A,Outside
3474,A,Outside
3475,G,Outside
3476,T,Outside
3477,T,Outside
3478,G,Outside
3479,A,Outside
3480,C,Outside
3481,C,Outside
3482,T,Outside
3483,G,Outside
3484,A,Outside
3485,G,Outside
3486,T,Outside
3487,A,Outside
3488,C,Outside
3489,C,Outside
3490,T,Outside
3491,T,Outside
3492,C,Outside
3493,A,Outside
3494,G,Outside
3495,C,Outside
3496,G,Outside
3497,A,Outside
3498,T,Outside
3499,G,Outside
3500,A,Outside
3501,A,Outside
3502,G,Outside
3503,A,Outside
3504,A,Outside
3505,G,Outside
3506,T,Outside
3507,T,Outside
3508,A,Outside
3509,T,Outside
3510,G,Outside
3511,C,Outside
3512,G,Outside
3513,T,Outside
3514,C,Outside
3515,T,Outside
3516,G,Outside
3517,G,Outside
3518,C,Outside
3519,T,Outside
3520,G,Outside
3521,A,Outside
3522,A,Outside
3523,A,Outside
3524,A,Outside
3525,C,Outside
3526,C,Outside
3527,T,Outside
3528,G,Outside
3529,C,Outside
3530,G,Outside
3531,C,Outside
3532,A,Outside
3533,A,Outside
3534,A,Outside
3535,G,Outside
3536,G,Outside
3537,T,Outside
3538,A,Outside
3539,T,Outside
3540,G,Outside
3541,C,Outside
3542,C,Outside
3543,A,Outside
3544,A,Outside
3545,T,Outside
3546,C,Outside
3547,G,Outside
3548,C,Outside
3549,A,Outside
3550,A,Outside
3551,C,Outside
3552,G,Outside
3553,C,Outside
3554,C,Outside
3555,G,Outside
3556,G,Outside
3557,T,Outside
3558,G,Outside
3559,T,Outside
3560,T,Outside
3561,C,Outside
3562,G,Outside
3563,A,Outside
3564,C,Outside
3565,G,Outside
3566,G,Outside
3567,T,Outside
3568,G,Outside
3569,C,Outside
3570,G,Outside
3571,A,Outside
3572,A,Outside
3573,A,Outside
3574,G,Outside
3575,A,Outside
3576,A,Outside
3577,G,Outside
3578,C,Outside
3579,A,Outside
3580,G,Outside
3581,A,Outside
3582,A,Outside
3583,A,Outside
3584,T,Outside
3585,T,Outside
3586,A,Outside
3587,A,Outside
3588,A,Outside
3589,G,Outside
3590,A,Outside
3591,G,Outside
3592,C,Outside
3593,T,Outside
3594,G,Outside
3595,C,Outside
3596,T,Outside
3597,G,Outside
3598,A,Outside
3599,A,Outside
3600,A,Outside
3601,C,Outside
3602,T,Outside
3603,T,Outside
3604,G,Outside
3605,G,Outside
3606,C,Outside
3607,G,Outside
3608,A,Outside
3609,C,Outside
3610,C,Outside
3611,T,Outside
3612,G,Outside
3613,C,Outside
3614,C,Outside
3615,G,Outside
3616,A,Outside
3617,C,Outside
3618,T,Outside
3619,T,Outside
3620,C,Outside
3621,C,Outside
3622,G,Outside
3623,G,Outside
3624,T,Outside
3625,C,Outside
3626,A,Outside
3627,G,Outside
3628,A,Outside
3629,T,Outside
3630,C,Outside
3631,C,Outside
3632,G,Outside
3633,C,Outside
3634,C,Outside
3635,T,Outside
3636,G,Outside
3637,T,Outside
3638,A,Outside
3639,C,Outside
3640,G,Outside
3641,A,Outside
3642,T,Outside
3643,G,Outside
3644,G,Outside
3645,T,Outside
3646,C,Outside
3647,G,Outside
3648,C,Outside
3649,A,Outside
3650,C,Outside
3651,T,Outside
3652,G,Outside
3653,G,Outside
3654,T,Outside
3655,G,Outside
3656,A,Outside
3657,A,Outside
3658,C,Outside
3659,A,Outside
3660,G,Outside
3661,T,Outside
3662,T,Outside
3663,C,Outside
3664,G,Outside
3665,A,Outside
3666,G,Outside
3667,C,Outside
3668,G,Outside
3669,T,Outside
3670,C,Outside
3671,C,Outside
3672,G,Outside
3673,G,Outside
3674,T,Outside
3675,A,Outside
3676,A,Outside
3677,C,Outside
3678,C,Outside
3679,G,Outside
3680,T,Outside
3681,T,Outside
3682,G,Outside
3683,G,Outside
3684,T,Outside
3685,T,Outside
3686,A,Outside
3687,C,Outside
3688,A,Outside
3689,T,Outside
3690,G,Outside
3691,T,Outside
3692,A,Outside
3693,C,Outside
3694,A,Outside
3695,T,Outside
3696,G,Outside
3697,C,Outside
3698,T,Outside
3699,G,Outside
3700,A,Outside
3701,A,Outside
3702,A,Outside
3703,C,Outside
3704,T,Outside
3705,G,Outside
3706,A,Outside
3707,A,Outside
3708,C,Outside
3709,C,Outside
3710,A,Outside
3711,C,Outside
3712,C,Outside
3713,T,Outside
3714,G,Outside
3715,G,Outside
3716,T,Outside
3717,C,Outside
3718,G,Outside
3719,A,Outside
3720,C,Outside
3721,G,Outside
3722,A,Outside
3723,C,Outside
3724,A,Outside
3725,A,Outside
3726,G,Outside
3727,A,Outside
3728,T,Outside
3729,G,Outside
3730,C,Outside
3731,A,Outside
3732,C,Outside
3733,G,Outside
3734,C,Outside
3735,G,Outside
3736,C,Outside
3737,G,Outside
3738,T,Outside
3739,T,Outside
3740,C,Outside
3741,C,Outside
3742,A,Outside
3743,C,Outside
3744,C,Outside
3745,G,Outside
3746,G,Outside
3747,T,Outside
3748,T,Outside
3749,C,Outside
3750,T,Outside
3751,T,Outside
3752,A,Outside
3753,C,Outside
3754,A,Outside
3755,G,Outside
3756,C,Outside
3757,C,Outside
3758,T,Outside
3759,G,Outside
3760,G,Outside
3761,T,Outside
3762,T,Outside
3763,A,Outside
3764,C,Outside
3765,T,Outside
3766,C,Outside
3767,A,Outside
3768,G,Outside
3769,C,Outside
3770,A,Outside
3771,G,Outside
3772,C,Outside
3773,C,Outside
3774,G,Outside
3775,C,Outside
3776,T,Outside
3777,G,Outside
3778,G,Outside
3779,G,Outside
3780,T,Outside
3781,G,Outside
3782,G,Outside
3783,T,Outside
3784,A,Outside
3785,A,Outside
3786,G,Outside
3787,G,Outside
3788,C,Outside
3789,A,Outside
3790,C,Outside
3791,A,Outside
3792,G,Outside
3793,T,Outside
3794,T,Outside
3795,C,Outside
3796,G,Outside
3797,G,Outside
3798,T,Outside
3799,G,Outside
3800,G,Outside
3801,T,Outside
3802,C,Outside
3803,A,Outside
3804,G,Outside
3805,C,Outside
3806,G,Outside
3807,T,Outside
3808,T,Outside
3809,T,Outside
3810,C,Outside
3811,G,Outside
3812,G,Outside
3813,G,Outside
3814,G,Outside
3815,A,Outside
3816,G,Outside
3817,A,Outside
3818,T,Outside
3819,G,Outside
3820,G,Outside
3821,A,Outside
3822,A,Outside
3823,G,Outside
3824,T,Outside
3825,G,Outside
3826,T,Outside
3827,G,Outside
3828,G,Outside
3829,G,Outside
3830,C,Outside
3831,G,Outside
3832,C,Outside
3833,T,Outside
3834,G,Outside
3835,G,Outside
3836,A,Outside
3837,A,Outside
3838,G,Outside
3839,C,Outside
3840,A,Outside
3841,T,Outside
3842,A,Outside
3843,C,Outside
3844,G,Outside
3845,G,Outside
3846,C,Outside
3847,G,Outside
3848,C,Outside
3849,A,Outside
3850,G,Outside
3851,C,Outside
3852,A,Outside
3853,T,Outside
3854,A,Outside
3855,C,Outside
3856,A,Outside
3857,C,Outside
3858,C,Outside
3859,C,Outside
3860,T,Outside
3861,G,Outside
3862,C,Outside
3863,A,Outside
3864,G,Outside
3865,G,Outside
3866,A,Outside
3867,A,Outside
3868,A,Outside
3869,T,Outside
3870,G,Outside
3871,C,Outside
3872,T,Outside
3873,C,Outside
3874,A,Outside
3875,C,Outside
3876,C,Outside
3877,G,Outside
3878,T,Outside
3879,T,Outside
3880,A,Outside
3881,A,Outside
3882,G,Outside
3883,T,Outside
3884,C,Outside
3885,T,Outside
3886,G,Outside
3887,A,Outside
3888,T,Outside
3889,G,Outside
3890,A,Outside
3891,C,Outside
3892,G,Outside
3893,T,Outside
3894,G,Outside
3895,A,Outside
3896,A,Outside
3897,C,Outside
3898,G,Outside
3899,G,Outside
3900,T,Outside
3901,C,Outside
3902,G,Outside
3903,T,Outside
3904,A,Outside
3905,C,Outside
3906,C,Outside
3907,A,Outside
3908,A,Outside
3909,G,Outside
3910,A,Outside
3911,T,Outside
3912,G,Outside
3913,T,Outside
3914,A,Outside
3915,T,Outside
3916,A,Outside
3917,A,Outside
3918,A,Outside
3919,A,Outside
3920,A,Outside
3921,C,Outside
3922,A,Outside
3923,T,Outside
3924,C,Outside
3925,G,Outside
3926,T,Outside
3927,G,Outside
3928,G,Outside
3929,A,Outside
3930,C,Outside
3931,G,Outside
3932,G,Outside
3933,C,Outside
3934,A,Outside
3935,A,Outside
3936,C,Outside
3937,C,Outside
3938,A,Outside
3939,T,Outside
3940,C,Outside
3941,A,Outside
3942,G,Outside
3943,A,Outside
3944,T,Outside
3945,G,Outside
3946,G,Outside
3947,A,Outside
3948,G,Outside
3949,C,Outside
3950,C,Outside
3951,G,Outside
3952,G,Outside
3953,G,Outside
3954,C,Outside
3955,A,Outside
3956,T,Outside
3957,G,Outside
3958,C,Outside
3959,C,Outside
3960,A,Outside
3961,G,Outside
3962,A,Outside
3963,A,Outside
3964,T,Outside
3965,C,Outside
3966,C,Outside
3967,T,Outside
3968,T,Outside
3969,C,Outside
3970,A,Outside
3971,A,Outside
3972,C,Outside
3973,G,Outside
3974,T,Outside
3975,A,Outside
3976,T,Outside
3977,T,Outside
3978,G,Outside
3979,T,Outside
3980,T,Outside
3981,G,Outside
3982,A,Outside
3983,A,Outside
3984,A,Outside
3985,G,Outside
3986,A,Outside
3987,G,Outside
3988,A,Outside
3989,T,Outside
3990,T,Outside
3991,C,Outside
3992,G,Outside
3993,T,Outside
3994,T,Outside
3995,C,Outside
3996,G,Outside
3997,C,Outside
3998,T,Outside
3999,G,Outside
4000,G,Outside
4001,G,Outside
4002,T,Outside
4003,A,Outside
4004,T,Outside
4005,C,Outside
4006,A,Outside
4007,A,Outside
4008,C,Outside
4009,A,Outside
4010,T,Outside
4011,C,Outside
4012,G,Outside
4013,A,Outside
4014,A,Outside
4015,C,Outside
4016,T,Outside
4017,G,Outside
4018,G,Outside
4019,A,Outside
4020,A,Outside
4021,G,Outside
4022,A,Outside
4023,C,Outside
4024,G,Outside
4025,A,Outside
4026,G,Outside
4027,T,Outside
4028,A,Outside
4029,A,Outside
